{"C": {"mean": {"mae": 3978867.240916197, "mse": 21683294077313.617, "rmse": 4656532.40913382, "mape": 4.230785861079893, "smape": 2.176834820925968}, "median": {"mae": 4568919.380325303, "mse": 34695461655703.35, "rmse": 5890285.362841375, "mape": 4.797859512502968, "smape": 2.496003243905954}, "gmean": {"mae": 4219751.864954884, "mse": 24985215214798.46, "rmse": 4998521.302825313, "mape": 4.478829837890395, "smape": 2.3100477945182734}, "hmean": {"mae": 4414976.048350675, "mse": 27744264054794.508, "rmse": 5267282.416464348, "mape": 4.681416793860105, "smape": 2.4190919017676156}}, "D": {"mean": {"mae": 4326696.148304469, "mse": 23003285770662.79, "rmse": 4796174.076351148, "mape": 200.31920521858476, "smape": 46.64098397567516}, "median": {"mae": 4998485.443567765, "mse": 29514347764653.824, "rmse": 5432710.903835563, "mape": 232.24577378776777, "smape": 50.64381855189626}, "gmean": {"mae": 3256338.003431647, "mse": 12655177724292.236, "rmse": 3557411.6607854418, "mape": 151.13645724318934, "smape": 40.7685834167135}, "hmean": {"mae": 2204311.5893412544, "mse": 5594398022389.218, "rmse": 2365247.983275584, "mape": 102.64002087039201, "smape": 32.735593744707444}}, "I": {"mean": {"mae": 2378914.440193145, "mse": 6974114047282.542, "rmse": 2640854.7948121913, "mape": 25.804567009188233, "smape": 15.313503797000475}, "median": {"mae": 5120407.769503581, "mse": 32256676041550.402, "rmse": 5679496.108067194, "mape": 55.627397706232465, "smape": 42.6163959610591}, "gmean": {"mae": 4809832.593891425, "mse": 29257323191311.434, "rmse": 5409003.900101333, "mape": 52.182863438305816, "smape": 39.285718175507206}, "hmean": {"mae": 5743510.916824491, "mse": 41786706688601.64, "rmse": 6464263.816445121, "mape": 62.28072266412745, "smape": 52.197230901017754}}}