{"C": {"mean": {"mae": 1982702.3345376775, "mse": 5833912699294.856, "rmse": 2415349.3948691683, "mape": 2.0963490184222513, "smape": 1.0643174676992353}, "median": {"mae": 2039892.9130869403, "mse": 6220412546052.303, "rmse": 2494075.489244923, "mape": 2.1557287528761138, "smape": 1.095061547264831}, "gmean": {"mae": 1990985.9567905252, "mse": 5890709074811.218, "rmse": 2427078.300098952, "mape": 2.104906864540534, "smape": 1.0687503979591417}, "hmean": {"mae": 1997067.0531030337, "mse": 5932999769333.112, "rmse": 2435774.983312932, "mape": 2.1111797021294674, "smape": 1.072001308951962}}, "D": {"mean": {"mae": 47065.4165120745, "mse": 3769717137.769803, "rmse": 61398.02226269021, "mape": 2.134114905258611, "smape": 1.0862223745153248}, "median": {"mae": 47594.65471764525, "mse": 3862158195.55786, "rmse": 62146.2645342249, "mape": 2.1579143885230514, "smape": 1.098593714646114}, "gmean": {"mae": 47163.725466147436, "mse": 3787799949.078677, "rmse": 61545.10499689376, "mape": 2.138509173788859, "smape": 1.0885111402233307}, "hmean": {"mae": 47240.89914245541, "mse": 3802202121.3077536, "rmse": 61661.99900512271, "mape": 2.1419540942742272, "smape": 1.0903064860518086}}, "I": {"mean": {"mae": 1653836.8052144002, "mse": 3645024788652.3003, "rmse": 1909194.801127507, "mape": 17.825220284437457, "smape": 10.097922651906352}, "median": {"mae": 1699376.5199408608, "mse": 3859030720376.421, "rmse": 1964441.5797820054, "mape": 18.321121821394197, "smape": 10.423330438343404}, "gmean": {"mae": 1715630.8548224345, "mse": 3936760058072.0884, "rmse": 1984127.0266976578, "mape": 18.497145171344904, "smape": 10.539280059313318}, "hmean": {"mae": 1773163.0233653134, "mse": 4223304640467.0713, "rmse": 2055068.0379167672, "mape": 19.122582216578547, "smape": 10.956987408236806}}}