{"C": {"mean": {"mae": 1982702.3345364914, "mse": 5833912699287.16, "rmse": 2415349.394867575, "mape": 2.096349018421016, "smape": 1.0643174676985965}, "median": {"mae": 2039892.9130857661, "mse": 6220412546044.438, "rmse": 2494075.4892433467, "mape": 2.1557287528748894, "smape": 1.0950615472641971}, "gmean": {"mae": 1990985.9567892978, "mse": 5890709074803.368, "rmse": 2427078.3000973347, "mape": 2.1049068645392515, "smape": 1.0687503979584785}, "hmean": {"mae": 1997067.0531018535, "mse": 5932999769325.401, "rmse": 2435774.9833113486, "mape": 2.111179702128237, "smape": 1.0720013089513258}}, "D": {"mean": {"mae": 47065.41651207096, "mse": 3769717137.7690654, "rmse": 61398.02226268421, "mape": 2.134114905258455, "smape": 1.0862223745152433}, "median": {"mae": 47594.65471764157, "mse": 3862158195.5571094, "rmse": 62146.26453421886, "mape": 2.157914388522888, "smape": 1.0985937146460287}, "gmean": {"mae": 47163.72546614345, "mse": 3787799949.077811, "rmse": 61545.10499688672, "mape": 2.1385091737886834, "smape": 1.0885111402232392}, "hmean": {"mae": 47240.89914245187, "mse": 3802202121.307016, "rmse": 61661.999005116726, "mape": 2.1419540942740714, "smape": 1.0903064860517269}}, "I": {"mean": {"mae": 1653836.8052133205, "mse": 3645024788647.382, "rmse": 1909194.8011262186, "mape": 17.82522028442575, "smape": 10.097922651898749}, "median": {"mae": 1699376.5199397954, "mse": 3859030720371.3696, "rmse": 1964441.5797807197, "mape": 18.32112182138264, "smape": 10.423330438335812}, "gmean": {"mae": 1715630.8548213704, "mse": 3936760058066.9756, "rmse": 1984127.0266963695, "mape": 18.497145171333372, "smape": 10.539280059305707}, "hmean": {"mae": 1773163.0233642636, "mse": 4223304640461.7983, "rmse": 2055068.0379154843, "mape": 19.122582216567167, "smape": 10.956987408229194}}}