{"C": {"mean": {"mae": 733395.8509622545, "mse": 852459415574.4379, "rmse": 923287.287670765, "mape": 0.7857809468334929, "smape": 0.39336710748479453}, "median": {"mae": 1390712.3781689887, "mse": 2732516921913.0933, "rmse": 1653032.643934503, "mape": 1.4770877770293334, "smape": 0.7461787253949558}, "gmean": {"mae": 693855.3007589176, "mse": 694779155758.9517, "rmse": 833534.1359290282, "mape": 0.7494067153980226, "smape": 0.37620090006832335}, "hmean": {"mae": 700169.7440258821, "mse": 724838992772.3579, "rmse": 851374.7663469701, "mape": 0.7586532864890406, "smape": 0.38137313007312934}}, "D": {"mean": {"mae": 23440.55961522842, "mse": 795878824.4556115, "rmse": 28211.32440094955, "mape": 1.074498434567848, "smape": 0.5413826919970202}, "median": {"mae": 37124.57184561623, "mse": 2263238819.5911155, "rmse": 47573.50964130264, "mape": 1.6863566498662823, "smape": 0.8546808567371685}, "gmean": {"mae": 25616.88809268993, "mse": 973413495.5277535, "rmse": 31199.57524595092, "mape": 1.1711949432728512, "smape": 0.5906155666335665}, "hmean": {"mae": 27174.285748736296, "mse": 1118587443.804969, "rmse": 33445.290308277625, "mape": 1.2403153833936011, "smape": 0.6258976120281113}}, "I": {"mean": {"mae": 998993.0963321679, "mse": 1713464553878.7583, "rmse": 1308993.7180440396, "mape": 10.965448568398065, "smape": 5.407487634746106}, "median": {"mae": 1137684.2908171236, "mse": 1857962336764.7056, "rmse": 1363070.9213994353, "mape": 12.187586222903427, "smape": 6.667267037129947}, "gmean": {"mae": 1347540.305170602, "mse": 2526188626840.115, "rmse": 1589398.8256067496, "mape": 14.46430104666057, "smape": 8.027682344322203}, "hmean": {"mae": 2224647.2580288984, "mse": 7389267854911.128, "rmse": 2718320.77851587, "mape": 23.99625697997293, "smape": 14.670726820622887}}}