{"C": {"mean": {"mae": 3985023.7299110764, "mse": 21756705531221.336, "rmse": 4664408.379550545, "mape": 4.236279231935967, "smape": 2.1797611082864408}, "median": {"mae": 4576461.118291835, "mse": 34806427175217.2, "rmse": 5899697.210469127, "mape": 4.8047216871696445, "smape": 2.499707853581099}, "gmean": {"mae": 4225736.702448666, "mse": 25062125669790.582, "rmse": 5006208.71216838, "mape": 4.484092153299553, "smape": 2.312864911249496}, "hmean": {"mae": 4420743.85984261, "mse": 27822386010404.617, "rmse": 5274692.977833365, "mape": 4.686409048390479, "smape": 2.421774466285745}}, "D": {"mean": {"mae": 4327266.75919929, "mse": 23004995933555.27, "rmse": 4796352.3571100645, "mape": 200.33571731645588, "smape": 46.6455054607756}, "median": {"mae": 4999780.966678775, "mse": 29525888575644.867, "rmse": 5433772.95952314, "mape": 232.29369764759983, "smape": 50.65025050518908}, "gmean": {"mae": 3257058.8914694893, "mse": 12659112120708.041, "rmse": 3557964.603633381, "mape": 151.16182454687876, "smape": 40.773832030384966}, "hmean": {"mae": 2204879.509372114, "mse": 5596832651725.698, "rmse": 2365762.5941175288, "mape": 102.6605437154377, "smape": 32.740417586693304}}, "I": {"mean": {"mae": 2382580.2225017217, "mse": 6993303244924.871, "rmse": 2644485.4404826793, "mape": 25.840802957005828, "smape": 15.338044983685048}, "median": {"mae": 5121794.650070777, "mse": 32275775635669.934, "rmse": 5681177.310705056, "mape": 55.63353884879072, "smape": 42.62429922802579}, "gmean": {"mae": 4813204.145994425, "mse": 29299295714318.31, "rmse": 5412882.385043879, "mape": 52.211045807357024, "smape": 39.3182670928228}, "hmean": {"mae": 5745852.549744096, "mse": 41819615468568.39, "rmse": 6466808.754599783, "mape": 62.29621860450758, "smape": 52.216890409162374}}}